X,Automatisierung,Bauen,Cursed,Draw,Einmalig,Geld,Kostenreduktion,Luxury,Maisonette,Meilenstein,Modifikationen,Mult,MultMult,Nicht-Bauen,Points,Positionsänderung,Regeländerung,Regelbruch,Reroll,Rettungseffekt,RNG,Synergie,Upgrade,Verstärkung,Vorschau
Automatisierung,,,,,,,,,,,,,,,,,,,,,,,,,
Bauen,,,,Doppelhelix-Turm,,Doppelschicht-Bauarbeiter,,,,Temporal-Architektur,,,,,,,,,,,,,
Cursed,,,,,,,,,,,,,,,,,Schrödingers Baustelle,,,,,
Draw,,,,,Verlorene Pläne,,Schattengesellschaft,,,,,,,,,,,Holografischer Bauleiter,Notfallplan,,,,,Göttliche Berechnung
Einmalig,,,,,,,,,,,,,,,,,,,,,,,,,
Geld,,,,,,,,,,,,,Abandoned Lot,,,,,,,,Unendlicher Geldfluss,
Kostenreduktion,,,,,,,,,,,,,,,,,,,,,,,,,
Luxury,,,,,,Midas-Konstruktion,,,,,,"",Goldene Vermietung,,,,,,,,,,
Maisonette,,,,,,,Hologramm-Gebäude,Kaum haltbare Magie,,,,,,,,,,,,,
Meilenstein,,,,Dimensionale Erweiterung,,,,,,,,,Bau des Himmels,,,,,,,,,
Modifikationen,Kompakte Wunder,,,,,,,,,,,,,Chaotische Architektur,, ,Regelbrecher-Modul,Kollaps-Simulator,, ,Glücksspiel-Architekt,Hypermodulare Konstruktion,,Paradoxe Struktur; Quantenturm,
Mult,,,,Doppelter Boden,,,,,,,,Bau der Titanen; Göttlicher Eingriff,,,,Turbolader; Rekursiver Bau,,Mathematische Perfektion,,Inversionstechnik,,,,,Fraktale Architektur; Einfluss der Zukunft,,
MultMult,,,,Realitätsriss,,,,,,,,,,,,,Schwerelose Bauweise,,,,,Gravitationstrick,,Unendliche Iteration; Singularitätskern,
Nicht-Bauen,,,,,,,,,,,,,,,,,,,,,,,,,
Points,,,,,,Öffentliches Fördergeld,,,,Kosmische Harmonie,,Goldene Regel,,,,,,,,,,
Positionsänderung,,,,,,,,,,,,,,,,Experimental-Teleporter,,,,,,,,,
Regeländerung,,,,,,,,,,,,,,,Verzerrte Realität,,,,,,,,,
Regelbruch,,,,,,,,,,,,,,,,,,,,,,,,,
Reroll,,,,,,,,,,,,,,,,,,,,,,,,,
Rettungseffekt,,,,,,,,,,,,,,,,,,,,,,,,,
RNG,,,,,,,,,,,,,,,,,,,,,,,,,
Synergie,,,,,,,,,,,,,,,,,,,,,,,,,
Upgrade,,,,Architekten-Gilde,,,,,,,,,,,,,Meister der Upgrades,,,,,,
Verstärkung,,,,,,,,,,,,,,,,,,,,,,,,,
Vorschau,,,,,,,,,,,,,,,,,,,,,,,,,
